{
  "best_sequence": [
    20,
    20,
    15,
    20,
    20,
    9,
    20,
    12,
    20,
    20
  ],
  "best_fitness": 97.22222222222221,
  "best_energy": -97.22222222222221,
  "beta_history": [
    0.1,
    0.10985411419875583,
    0.12067926406393285,
    0.13257113655901093,
    0.14563484775012436,
    0.15998587196060582,
    0.1757510624854792,
    0.193069772888325,
    0.21209508879201905,
    0.2329951810515372,
    0.2559547922699536,
    0.281176869797423,
    0.3088843596477481,
    0.3393221771895328,
    0.372759372031494,
    0.4094915062380424,
    0.44984326689694454,
    0.49417133613238345,
    0.5428675439323859,
    0.5963623316594643,
    0.6551285568595507,
    0.7196856730011519,
    0.7906043210907697,
    0.8685113737513525,
    0.9540954763499939,
    1.0481131341546859,
    1.151395399326447,
    1.2648552168552958,
    1.3894954943731375,
    1.5264179671752334,
    1.6768329368110073,
    1.8420699693267153,
    2.0235896477251565,
    2.2229964825261943,
    2.442053094548651,
    2.6826957952797246,
    2.9470517025518097,
    3.2374575428176433,
    3.5564803062231287,
    3.9069399370546147,
    4.291934260128776,
    4.714866363457392,
    5.17947467923121,
    5.689866029018296,
    6.25055192527397,
    6.866488450042998,
    7.543120063354615,
    8.286427728546842,
    9.102981779915218,
    10.0
  ],
  "energy_history": [
    -94.44444444444444,
    -95.13888888888889,
    -96.52777777777779,
    -95.83333333333334,
    -95.83333333333334,
    -96.52777777777779,
    -95.83333333333334,
    -97.22222222222221,
    -95.83333333333334,
    -95.83333333333334,
    -95.83333333333334,
    -97.22222222222221,
    -97.22222222222221,
    -95.83333333333334,
    -93.05555555555556,
    -97.22222222222221,
    -91.66666666666666,
    -93.75,
    -95.83333333333334,
    -93.05555555555556,
    -91.66666666666666,
    -95.13888888888889,
    -95.83333333333334,
    -95.83333333333334,
    -93.05555555555556,
    -90.97222222222221,
    -97.22222222222221,
    -96.52777777777779,
    -95.13888888888889,
    -88.88888888888889,
    -93.75,
    -95.13888888888889,
    -95.83333333333334,
    -91.66666666666666,
    -89.58333333333334,
    -95.13888888888889,
    -97.22222222222221,
    -95.83333333333334,
    -94.44444444444444,
    -96.52777777777779,
    -92.36111111111111,
    -94.44444444444444,
    -93.05555555555556,
    -93.75,
    -93.05555555555556,
    -93.05555555555556,
    -92.36111111111111,
    -94.44444444444444,
    -97.22222222222221,
    -94.44444444444444
  ],
  "best_fitness_history": [
    94.44444444444444,
    95.13888888888889,
    96.52777777777779,
    96.52777777777779,
    96.52777777777779,
    96.52777777777779,
    96.52777777777779,
    97.22222222222221,
    97.22222222222221,
    97.22222222222221,
    97.22222222222221,
    97.22222222222221,
    97.22222222222221,
    97.22222222222221,
    97.22222222222221,
    97.22222222222221,
    97.22222222222221,
    97.22222222222221,
    97.22222222222221,
    97.22222222222221,
    97.22222222222221,
    97.22222222222221,
    97.22222222222221,
    97.22222222222221,
    97.22222222222221,
    97.22222222222221,
    97.22222222222221,
    97.22222222222221,
    97.22222222222221,
    97.22222222222221,
    97.22222222222221,
    97.22222222222221,
    97.22222222222221,
    97.22222222222221,
    97.22222222222221,
    97.22222222222221,
    97.22222222222221,
    97.22222222222221,
    97.22222222222221,
    97.22222222222221,
    97.22222222222221,
    97.22222222222221,
    97.22222222222221,
    97.22222222222221,
    97.22222222222221,
    97.22222222222221,
    97.22222222222221,
    97.22222222222221,
    97.22222222222221,
    97.22222222222221
  ]
}